PRESTADOR,SUCURSAL,ID PRESTAD,ID SUCURSA,ID LOCAL,TIPO,PUBLICO_PRIVADO,DIRECCION,TELEFONO,xcoord,ycoord,LUNES6HS_sum,LUNES7HS_sum,LUNES8HS_sum,LUNES9HS_sum,LUNES10HS_sum,LUNES11HS_sum,LUNES12HS_sum,LUNES13HS_sum,LUNES14HS_sum,LUNES15HS_sum,LUNES16HS_sum,LUNES17HS_sum,LUNES18HS_sum,LUNES19HS_sum,LUNES20HS_sum,LUNES21HS_sum,MARTES6HS_sum,MARTES7HS_sum,MARTES8HS_sum,MARTES9HS_sum,MARTES10HS_sum,MARTES11HS_sum,MARTES12HS_sum,MARTES13HS_sum,MARTES14HS_sum,MARTES15HS_sum,MARTES16HS_sum,MARTES17HS_sum,MARTES18HS_sum,MARTES19HS_sum,MARTES20HS_sum,MARTES21HS_sum,MIERCOLES6HS_sum,MIERCOLES7HS_sum,MIERCOLES8HS_sum,MIERCOLES9HS_sum,MIERCOLES10HS_sum,MIERCOLES11HS_sum,MIERCOLES12HS_sum,MIERCOLES13HS_sum,MIERCOLES14HS_sum,MIERCOLES15HS_sum,MIERCOLES16HS_sum,MIERCOLES17HS_sum,MIERCOLES18HS_sum,MIERCOLES19HS_sum,MIERCOLES20HS_sum,MIERCOLES21HS_sum,JUEVES6HS_sum,JUEVES7HS_sum,JUEVES8HS_sum,JUEVES9HS_sum,JUEVES10HS_sum,JUEVES11HS_sum,JUEVES12HS_sum,JUEVES13HS_sum,JUEVES14HS_sum,JUEVES15HS_sum,JUEVES16HS_sum,JUEVES17HS_sum,JUEVES18HS_sum,JUEVES19HS_sum,JUEVES20HS_sum,JUEVES21HS_sum,VIERNES6HS_sum,VIERNES7HS_sum,VIERNES8HS_sum,VIERNES9HS_sum,VIERNES10HS_sum,VIERNES11HS_sum,VIERNES12HS_sum,VIERNES13HS_sum,VIERNES14HS_sum,VIERNES15HS_sum,VIERNES16HS_sum,VIERNES17HS_sum,VIERNES18HS_sum,VIERNES19HS_sum,VIERNES20HS_sum,VIERNES21HS_sum,SABADO6HS_sum,SABADO7HS_sum,SABADO8HS_sum,SABADO9HS_sum,SABADO10HS_sum,SABADO11HS_sum,SABADO12HS_sum,SABADO13HS_sum,SABADO14HS_sum,SABADO15HS_sum,SABADO16HS_sum,SABADO17HS_sum,SABADO18HS_sum,SABADO19HS_sum,SABADO20HS_sum,SABADO21HS_sum,Lunes_sum,Martes_sum,Miercoles_sum,Jueves_sum,Viernes_sum,Sabado_sum,medicos
ASSE,C. VIEJA,1,1,101,CENTRO DE SALUD,PUBLICO,25 DE MAYO 183,29170074,571998,6136887,,,1,1,2,2,1,1,1,1,,,,,,,,1,3,3,4,3,2,2,2,2,,,,,,,,1,3,3,3,3,2,2,2,2,2,,,,,,,,4,4,4,4,2,2,1,1,,,,,,,,,2,2,2,2,,1,1,1,1,,,,,,,,,,,,,,,,,,,,,,10,22,23,22,12,0,4
ASSE,CERRO,1,2,102,CENTRO DE SALUD,PUBLICO,"RAMIREZ,CARLOS MARIA 1744",23117996,568395,6140651,,3,3,3,4,4,5,7,7,7,4,3,2,1,,,,2,4,4,4,4,3,3,4,3,3,2,,,,,,3,4,4,4,3,4,4,4,4,1,1,,,,,,3,3,3,3,4,4,4,4,3,2,1,,,,,,2,5,5,5,5,5,5,5,5,3,3,1,,,,,,,1,1,1,1,,,,,,,,,,53,36,36,34,49,4,10
ASSE,CERRO / 3 OMBUES,1,3,103,POLICLINICA,PUBLICO,ALAGOAS 742,23075193,568969,6142809,,,1,1,1,1,,,,,,,,,,,,,,,,,2,2,2,2,,,,,,,,,1,1,1,1,,,,,,,,,,,,,,,,,1,1,1,1,,,,,,,,,2,3,3,3,2,,,,,,,,,,,,,,,,,,,,,,,,,,4,8,4,4,13,0,3
ASSE,CERRO / 6 DE DICIEMBRE,1,4,104,POLICLINICA,PUBLICO,CARLOS M. DE PENA,,568948,6145338,,,1,1,1,1,,,,,,,,,,,,,1,1,1,1,,,,,,,,,,,,,1,1,1,1,,,,,,,,,,,,,2,2,2,2,,,,,,,,,,,,,1,1,1,1,,,,,,,,,,,,,,,,,,,,,,,,,,,4,4,4,8,4,0,2
ASSE,CERRO/ 19 DE ABRIL,1,5,105,POLICLINICA,PUBLICO,GUAZUCUA 320,,568542,6144012,,,1,1,1,1,1,1,1,,,,,,,,,,1,1,1,1,1,2,2,1,,,,,,,,,1,1,1,2,1,1,1,,,,,,,,,,1,1,1,1,1,1,1,1,,,,,,,,,1,1,1,2,1,1,1,,,,,,,,,,,,,,,,,,,,,,,,7,10,8,8,8,0,3
ASSE,CERRO/ ALDEAS INFANTILES,1,6,106,POLICLINICA,PUBLICO,AVDA. L. BATLLE BERRES KM 19500,23120203,560534,6148576,,,,,,,,,,,,,,,,,,,,,,,,,,,,,,,,,,,1,1,1,1,,,,,,,,,,,,,,,,,,1,1,1,1,,,,,,,,,,,,,,,,,,,,,,,,,,,,,,,,,,,,,,0,0,4,4,0,0,1
ASSE,CERRO/ CADORNA,1,7,107,POLICLINICA,PUBLICO,PASAJE 2 5185,,569088,6143242,,,1,1,1,1,,,,,,,,,,,,,1,1,1,1,,,,,,,,,,,,,1,1,1,1,,,,,,,,,,,,,1,1,1,1,,,,,,,,,,,,,1,1,1,1,,,,,,,,,,,,,,,,,,,,,,,,,,,4,4,4,4,4,0,1
ASSE,CERRO/ CASA DE MARIO,1,8,108,POLICLINICA,PUBLICO,VAZQUEZ SAGASTUME 383,,571224,6141600,,,,,,,,,1,1,1,1,,,,,,,1,1,1,1,,,,,,,,,,,,,,,,,,,,,,,,,,,,,,,,,,,1,1,1,1,,,,,,,,,,,,1,1,1,1,,,,,,,,,,,,,,,,,,,,,,4,4,0,4,4,0,1
ASSE,CERRO/ EL TOBOGAN,1,9,109,POLICLINICA,PUBLICO,LUIS TROCOLI,,568583,6141551,,,1,1,1,1,1,1,1,1,1,,,,,,,,,,,,,,,,,,,,,,,1,1,1,1,,,,,,,,,,,,,1,1,1,1,,1,1,1,1,1,,,,,,,1,1,1,1,,,1,1,1,1,1,,,,,,,,,,,,,,,,,,,,,9,0,4,9,9,0,2
ASSE,CERRO/ ESPARETACO,1,10,110,POLICLINICA,PUBLICO,LOMAS DE ZAMORA 2996,23125635,562318,6145970,,,1,1,1,1,,,,,,,,,,,,,1,1,1,1,,,,,,,,,,,,,1,1,1,1,,,,,,,,,,,,,1,1,1,1,,,,,,,,,,,,,1,1,1,1,,,,,,,,,,,,,,,,,,,,,,,,,,,4,4,4,4,4,0,1
ASSE,CERRO/ JARDINES  DE LAS TORRES,1,11,111,POLICLINICA,PUBLICO,LOS NOGALES 2366,23122643,566336,6143965,,1,1,1,1,,,,,,,,,,,,,,,,,,,,,,,,,,,,,,1,1,1,1,,,,,,,,,,,,,,,1,1,1,,,,,,,,,,,1,1,1,1,1,,,,,,,,,,,,,,,,,,,,,,,,,,,4,0,4,3,5,0,1
ASSE,CERRO/ LA BOYADA,1,12,112,POLICLINICA,PUBLICO,LA BOYADA 1682,,568480,6142420,,1,1,1,1,,,,,,,,,,,,,1,1,1,1,,,,,,,,,,,,,1,1,1,,,,,,,,,,,,,,1,1,,,,,,,,,,,,,,,1,1,,,,,,,,,,,,,,,,,,,,,,,,,,,,,,4,4,3,2,2,0,2
ASSE,CERRO/ LOS BULEVARES,1,13,113,POLICLINICA,PUBLICO,IDEARIO ARTIGUISTA 2145,23124709,565609,6146513,,,,,1,1,1,1,,,,,,,,,,1,1,1,1,,,,,,,,,,,,,1,1,1,1,,,,,,,,,,,,,1,1,1,1,,,,,,,,,,,,,1,2,2,2,1,,,,,,,,,,,,,,,,,,,,,,,,,,,4,4,4,4,8,0,2
ASSE,CERRO/ MARACANA NORTE,1,14,114,POLICLINICA,PUBLICO,CALLE 3 5813,23124715,566966,6143351,,,1,1,1,1,,,,,,,,,,,,,1,1,1,1,,,,,,,,,,,,,2,2,2,2,,,,,,,,,,,,,1,1,1,1,,,,,,,,,,,,,1,1,1,1,,,,,,,,,,,,,,,,,,,,,,,,,,,4,4,8,4,4,0,2
ASSE,CERRO/ MARACANA SUR,1,15,115,POLICLINICA,PUBLICO,CNO. CIBILS,23149552,566692,6142927,,,1,1,2,2,1,1,1,1,1,,,,,,,,2,2,2,2,1,1,1,1,1,,,,,,,,,,,,,1,1,1,1,,,,,,,,1,1,1,1,1,1,1,1,,,,,,,,,,,1,1,1,1,,,,,,,,,,,,,,,,,,,,,,,,,11,13,4,8,4,0,2
ASSE,CERRO/ MONSERRAT,1,16,116,POLICLINICA,PUBLICO,ALASKA 748,23087810,569253,6142631,,,1,1,1,,,,,,,,,,,,,,,,,,1,1,1,,,,,,,,,,,,,,,,,,,,,,,,,,1,1,1,1,1,,,,,,,,,,,,,,,,,,,,,,,,,,,,,,,,,,,,,,,,,,3,3,0,5,0,0,1
ASSE,CERRO/ NUEVO AMANECER,1,17,117,POLICLINICA,PUBLICO,PASAJE CENTRAL,23147109,566642,6140099,,1,1,1,1,,,,1,1,,,,,,,,2,2,2,2,1,,,1,1,,,,,,,,1,1,1,1,,,,1,1,1,,,,,,,1,1,1,1,,,,1,1,1,,,,,,,1,1,1,1,,,,,,,,,,,,,,,,,,,,,,,,,,,,6,11,7,7,4,0,3
ASSE,CERRO/ PAJAS BLANCAS,1,18,118,POLICLINICA,PUBLICO,LEAL DE IBARRA 5495,,560793,6141609,,,,,,,,,,1,1,1,1,,,,,,,,,,,1,1,1,1,,,,,,,,2,2,2,2,1,1,,,,,,,,,,,1,1,1,1,,,,,,,,,,,,,2,2,2,2,,,,,,,,,,,,,,,,,,,,,,,,,,,4,4,10,4,8,0,2
ASSE,CERRO/ POL IMM LA TEJA,1,19,119,POLICLINICA,PUBLICO,CARLOS TELLIER 4442,23053236,569970,6142082,,,,1,1,1,1,1,,,,,,,,,,,,1,1,1,1,1,,,,,,,,,,,1,1,,,,,,,,,,,,,,,,1,1,1,,,,,,,,,,,,,,1,1,1,1,1,,,,,,,,,,,,,,,,,,,,,,,,,5,5,2,3,5,0,1
ASSE,CERRO/ SANTA CATALINA,1,20,120,POLICLINICA,PUBLICO,BURDEOS,23115825,564581,6139385,,,2,2,2,2,1,1,,,,,,,,,,,,,,,1,2,2,2,1,,,,,,,,1,1,1,1,,1,1,1,1,,,,,,,,,,,1,1,2,2,2,1,,,,,,,,,,,,,1,1,1,1,,,,,,,,,,,,,,,,,,,,,,10,8,8,9,4,0,2
ASSE,CERRO/ SANTIAGO VAZQUEZ,1,21,121,POLICLINICA,PUBLICO,AVDA. L. BATLLE BERRES 174,23120502,559147,6150204,,,1,1,1,2,1,1,1,1,1,,,,,,,,1,1,1,1,,,,,,,,,,,,,1,1,1,1,,,,,,,,,,,,,1,1,1,1,,,,,,,,,,,,,1,1,1,1,,,,,,,,,,,,,,,,,,,,,,,,,,,10,4,4,4,4,0,2
ASSE,CERRO/ VILLA SARANDI,1,22,122,POLICLINICA,PUBLICO,MINOTTO DI CICCO 5802,23125336,567951,6144057,,,1,1,1,1,,,,,,,,,,,,,1,1,1,1,,,,,,,,,,,,,1,1,1,1,,,,,,,,,,,,,1,1,1,1,,,,,,,,,,,,,1,1,1,1,,,,,,,,,,,,,,,,,,,,,,,,,,,4,4,4,4,4,0,1
ASSE,CERRO/CAPOLONIO,1,23,123,POLICLINICA,PUBLICO,BASAGOITI 4539,,570330,6142865,,,1,1,1,1,1,1,1,,,,,,,,,,1,1,1,1,1,1,,,,,,,,,,,1,1,1,1,1,1,1,,,,,,,,,,,,,,,,,,,,,,,,,,,,,,1,1,1,,,,,,,,,,,,,,,,,,,,,,,,7,6,7,0,3,0,1
ASSE,CERRO/COVICENOVA,1,24,124,POLICLINICA,PUBLICO,CNO. CIBILS 4617,,566887,6141513,,,1,1,1,1,1,,,,,,,,,,,,1,1,1,1,1,,,,,,,,,,,,,,,,1,1,1,1,,,,,,,,,,,,,,,,,,,,,,,,,,,,,,1,1,1,1,1,,,,,,,,,,,,,,,,,,,,,5,5,4,0,5,0,1
ASSE,CERRO/CRO,1,25,125,POLICLINICA,PUBLICO,CNO. SANGUINETTI 4166,23128802,558997,6145759,,,1,1,1,1,,,,,,,,,,,,,1,1,1,1,,,,,,,,,,,,,1,1,1,1,,,,,,,,,,,,,1,1,1,1,,,,,,,,,,,,,1,1,1,1,,,,,,,,,,,,,,,,,,,,,,,,,,,4,4,4,4,4,0,1
ASSE,CLAVEAUX,1,26,126,CENTRO DE SALUD,PUBLICO,PAMPILLO Y NOVAS 3161,22092722,575795,6141128,,,,2,2,2,2,2,1,1,,,,,,,,,1,2,2,2,1,1,1,2,2,1,1,1,,,,,2,3,3,3,2,2,1,,,,,,,,,,1,3,3,3,2,2,2,2,1,1,1,1,,,,,1,3,3,3,2,2,2,2,1,1,1,,,,,,,,,,,,,,,,,,,,12,17,16,22,21,0,3
ASSE,CLAVEAUX / CAPURRO,1,27,127,POLICLINICA,PUBLICO,DOROTEO ENCISO 676,23082130,571482,6141011,,,,1,1,1,1,1,,,,,,,,,,,,1,1,1,1,1,1,1,1,1,1,,,,,,,1,1,1,1,1,,,,,,,,,,,,1,1,1,1,1,,,,,,,,,,,,,1,1,1,1,,,,,,,,,,,,,,,,,,,,,,,,,5,10,5,5,4,0,1
ASSE,GIORDANO,1,28,128,CENTRO DE SALUD,PUBLICO,SAN MARTIN 3797,22153270,575506,6142634,,,2,2,2,2,,,1,1,1,,,,,,,,2,2,2,2,,,1,1,1,,,,,,,,3,4,4,4,1,1,1,1,1,,,,,,,,2,3,4,4,2,1,1,1,,,,,,,,,1,1,1,1,,,,,,,,,,,,,,,,,,,,,,,,,,,11,11,20,18,4,0,4
ASSE,GIORDANO / LBV,1,29,129,POLICLINICA,PUBLICO,J. B. Y ORDONEZ 4820,22160344,574311,6143428,,,,,,,,,,,,,,,,,,,1,1,1,1,1,1,1,,,,,,,,,,,,,,,,,,,,,,,,,,1,1,1,1,1,1,1,,,,,,,,,,1,1,1,1,1,1,1,,,,,,,,,,,,,,,,,,,,,,,,0,7,0,7,7,0,1
ASSE,GIORDANO / SAN LORENZO,1,30,130,POLICLINICA,PUBLICO,LANCASTER 4267,22167627,575613,6143641,,,,1,1,1,1,,,,,,,,,,,,2,2,2,2,2,,,,,,,,,,,,2,2,2,1,1,,,,,,,,,,,,,,,,,1,1,1,1,1,1,,,,,,1,1,1,1,1,1,,,,,,,,,,,,,,,,,,,,,,,,,4,10,8,6,6,0,2
ASSE,JARDINES,1,31,131,CENTRO DE SALUD,PUBLICO,MALINAS 3843,25121246,580214,6144337,,,3,5,5,5,5,2,3,3,3,2,2,2,,,,,2,3,3,3,2,1,3,3,3,2,1,1,,,,,4,5,5,5,2,1,2,2,1,1,,,,,,,3,4,4,4,3,3,5,4,3,3,3,1,,,,,4,6,6,6,3,3,3,3,2,2,1,1,,,,,,,,,,,,,,,,,,,40,27,28,40,40,0,10
ASSE,JARDINES  / 8 DE MARZO,1,32,132,POLICLINICA,PUBLICO,LOS MIRTOS,,587642,6151441,,,1,1,1,1,,,,,,,,,,,,,1,1,1,1,,,,,,,,,,,,,1,1,1,1,,,,,,,,,,,,,1,1,1,1,,,,,,,,,,,,,1,1,1,1,,,,,,,,,,,,,,,,,,,,,,,,,,,4,4,4,4,4,0,1
ASSE,JARDINES / 24 DE JUNIO,1,33,133,POLICLINICA,PUBLICO,CNO. REPETTO 3612,,582996,6148952,,,,,,,,,1,1,1,1,,,,,,,,1,1,1,1,,,,,,,,,,,,,,,,,,1,1,1,1,,,,,,,,1,1,1,1,,,,,,,,,,,,,1,1,1,1,,,,,,,,,,,,,,,,,,,,,,,,,,4,4,4,4,4,0,1
ASSE,JARDINES / COVIPRO,1,34,134,POLICLINICA,PUBLICO,RUTA 8 KM 18800,22279033,585769,6150269,,,,,,,,,,,,,,,,,,,,1,1,1,1,,,,,,,,,,,,,,,,,,,,,,,,,,,,,,,,,,,,,,,,,,,,,,,,,,,,,,,,,,,,,,,,,,,,,,,,,,0,4,0,0,0,0,1
ASSE,JARDINES / DON BOSCO,1,35,135,POLICLINICA,PUBLICO,RUTA 8 KM. 16,22272100,583493,6148565,,,,1,1,1,1,,1,1,1,1,,,,,,,,2,2,2,2,1,1,1,1,,,,,,,,,1,1,1,1,1,1,1,1,,,,,,,,,1,1,1,1,1,,,,,,,,,,,,,,,,1,1,1,1,,,,,,,,,,,,,,,,,,,,,,8,12,8,5,4,0,2
ASSE,JARDINES / EL MONARCA,1,36,136,POLICLINICA,PUBLICO,RUTA 8 KM 21700,22273724,588346,6151244,,,1,1,1,1,1,1,1,1,,,,,,,,,1,1,1,1,1,,,,,,,,,,,,,,,,1,1,1,1,,,,,,,,,2,2,2,2,1,,,,,,,,,,,,1,1,1,1,1,,,,,,,,,,,,,,,,,,,,,,,,,,8,5,4,9,5,0,3
ASSE,JARDINES / LOS ZORZALES,1,37,137,POLICLINICA,PUBLICO,CNO. MALDONADO KM. 20200,,586678,6151374,,,1,1,1,1,1,1,1,,,,,,,,,,1,1,1,1,,,,,,,,,,,,,1,1,1,1,,,,,,,,,,,,,1,1,1,,,,,,,,,,,,,,1,1,1,,,,,,,,,,,,,,,,,,,,,,,,,,,,7,4,4,3,3,0,2
ASSE,JARDINES / ULISES FAVARO,1,38,138,POLICLINICA,PUBLICO,ULISES FAVARO,,581123.2002,6143510.31,,1,1,1,1,,,,,,,,,,,,,1,1,1,1,,,,,,,,,,,,,,,,,,,,,,,1,1,1,,,,,,,,,,,,1,1,1,1,,,,,,,,,,,,,,,1,1,1,,,,,,,,,,,,,,,,,,,4,4,3,4,3,0,1
ASSE,JARDINES / VILLA FARRE,1,39,139,POLICLINICA,PUBLICO,PASAJE ESTRELLITA GENTA,,581792.5599,6147083.59,,,2,2,2,2,,,,,,,,,,,,,1,1,1,1,,,1,1,1,1,,,,,,,,,,,2,2,3,3,3,,,,,,,,1,1,2,2,3,2,2,2,1,,,,,,,,2,2,2,2,,,,,,,,,,,,,,,,,,,,,,,,,,,8,8,13,16,8,0,4
ASSE,LA CRUZ,1,40,140,CENTRO DE SALUD,PUBLICO,JUAN AGAZZI 2735,25225169,582544.0901,6140831.57,,,1,2,2,2,2,2,2,3,3,1,1,,,,,,1,2,2,3,3,2,2,1,1,,,,,,,,1,2,2,2,1,2,2,2,2,,,,,,,,2,3,3,3,2,2,2,2,2,,,,,,,,,1,1,1,1,2,3,3,3,1,1,,,,,,,,,,,,,,,,,,,,21,17,16,21,17,0,4
ASSE,LA CRUZ / CARRASCO NORTE,1,41,141,POLICLINICA,PUBLICO,MAXIMO TAJES 6605,26008260,585375.9004,6140253.3,,,,,,,1,1,1,1,,,,,,,,,,,,,1,1,1,1,,,,,,,,,,,,,1,1,1,1,,,,,,,,,,,,,1,1,1,1,,,,,,,,,,,,,1,1,1,1,,,,,,,,,,,,,,,,,,,,,,,4,4,4,4,4,0,1
ASSE,LA CRUZ /  DR.  MANUEL LIBEROFF,1,42,142,POLICLINICA,PUBLICO,CARLOS PRADO 2450,,581158.6603,6140729.09,,,,,,,,,2,2,2,,,,,,,,,2,2,2,2,,,,,,,,,,,,,1,1,1,1,2,2,2,2,,,,,,,,,,,,,,2,2,2,2,,,,,,,,,1,1,2,2,2,2,,,,,,,,,,,,,,,,,,,,,,,6,8,12,8,10,0,2
ASSE,LA CRUZ /  DR. YANICELLI,1,43,143,POLICLINICA,PUBLICO,CNO. CARRASCO 4626,25222431,580608.6803,6140826.44,,,1,1,1,1,1,1,1,1,,,,,,,,,1,1,1,1,1,1,1,1,,,,,,,,,1,2,2,2,3,3,3,1,,,,,,,,,,,,,1,1,1,1,,,,,,,,,,1,1,1,2,3,3,2,1,,,,,,,,,1,1,1,1,1,,,,,,,,,8,8,17,4,14,5,3
ASSE,MARONAS,1,44,144,CENTRO DE SALUD,PUBLICO,JOSE M. GUERRA 3510,25137369,578645.7896,6143873.93,,,1,3,3,3,2,2,2,2,2,,,,,,,1,2,2,3,3,2,2,2,2,2,,,,,,,1,2,2,3,3,2,3,3,2,1,,,,,,,1,2,2,2,2,2,2,2,2,2,,,,,,,,2,2,2,2,1,2,2,2,2,,,,,,,,,,,,,,,,,,,,,,20,21,22,19,17,0,7
ASSE,MARONAS/ FRATERNIDAD,1,45,145,POLICLINICA,PUBLICO,20 DE ENERO 3638,,576241.8997,6141882.63,,,1,1,1,1,1,1,1,1,1,,,,,,,,1,1,1,1,,,,,,,,,,,,,1,1,1,1,2,2,2,2,2,,,,,,,,1,1,1,1,,,,1,1,,,,,,,,,,,,,,,,,,,,,,,,,,,,,,,,,,,,,,9,4,14,6,0,0,2
ASSE,MISURRACO,1,46,146,CENTRO DE SALUD,PUBLICO,ENRIQUE CASTRO 4149,22161886,576960.47,6144928.71,,,1,3,3,3,2,1,1,1,,,,,,,,,2,2,2,2,1,1,1,1,,,,,,,,,2,2,3,3,3,2,1,1,,,,,,,,,2,3,3,3,1,1,1,1,,,,,,,,,,1,1,1,1,1,2,2,,,,,,,,,,,,,,,,,,,,,,,15,12,17,15,9,0,8
ASSE,MISURRACO /  A. LANZA,1,47,147,POLICLINICA,PUBLICO,NATAL 5469,22279643,575903.2198,6146332.13,,,1,1,1,1,,,,,1,1,1,1,,,,,1,1,1,1,,,,,,,,,,,,,1,1,1,1,,,,,1,1,1,1,,,,,,,,,1,1,1,,,,,,,,,,1,1,1,1,,,,,1,1,1,1,,,,,,,,,,,,,,,,,,,8,4,8,3,8,0,3
ASSE,MISURRACO /  LOS REYES,1,48,148,POLICLINICA,PUBLICO,"PASAJE A, SOLAR 35 CNO. MENDOZA",22200929,577154.32,6146219.25,,,1,1,1,1,,,,,,,,,,,,,1,1,1,1,,,,,,,,,,,,,1,2,2,2,2,1,1,1,1,,,,,,,,1,1,1,1,1,2,1,1,1,,,,,,,,,,,,,1,1,1,1,,,,,,,,,,,,,,,,,,,,,,4,4,13,10,4,0,3
ASSE,MISURRACO / CASAVALLE IMM,1,49,149,POLICLINICA,PUBLICO,GUSTAVO VOLPE,22154525,575507.0297,6144932.5,,1,2,2,2,1,,,,,,,,,,,,,,,,1,1,2,2,2,1,,,,,,,,,,,1,1,2,2,2,1,,,,,,,,1,1,1,1,,1,1,1,1,,,,,,,1,1,1,1,,,,,,,,,,,,,,,,,,,,,,,,,,,,8,9,9,8,4,0,2
ASSE,MISURRACO / LAS ACACIAS,1,50,150,POLICLINICA,PUBLICO,IBERIA 3921,,577345,6144347.62,,,3,3,3,3,2,1,,,,,,,,,,,2,2,2,2,3,3,2,2,2,,,,,,,,1,1,1,1,2,2,1,1,1,,,,,,,,1,1,1,1,1,1,,,,,,,,,,,1,1,1,1,1,1,,,,,,,,,,,,,,,,,,,,,,,,,15,20,11,6,6,0,3
ASSE,MISURRACO / PLEMU,1,51,151,POLICLINICA,PUBLICO,GUSTAVO VOLPE,,574996.0902,6144812.29,,,,,,,,,,,,,,,,,,1,1,1,1,,,,,,,,,,,,,,,,,,,,,,,,,,,,,1,1,1,1,,,,,,,,,,,,,,,,,,,,,,,,,,,,,,,,,,,,,,,,,,,,0,4,0,4,0,0,1
ASSE,MISURRACO/ SAN MARTIN 2,1,52,152,POLICLINICA,PUBLICO,CAPITAN TULA ESQUINA CAMINO COLMAN,,576025.984,6146290.245,,,2,2,3,3,2,2,1,1,1,,,,,,,,1,1,1,1,1,1,,,,,,,,,,,,,,1,1,1,1,1,1,,,,,,,,,,,,,,,,,,,,,,,,1,1,2,2,2,2,1,1,1,,,,,,,,,,,,,,,,,,,,,,17,6,6,0,13,0,3
ASSE,MONTERREY (FUERA DE MDEO),,,153,,,,,,,,,1,1,1,1,1,1,,,,,,,,,,,1,1,1,1,1,1,1,1,,,,,,,,,1,1,1,1,1,,1,1,1,,,,,,,,1,1,1,1,1,,,,,,,,,,,,,,,,,,,,,,,,,,,,,,,,,,,,,,,,,,6,8,8,5,0,0,3
ASSE,MONTERREY / CASA PUEBLO (FUERA DE MDEO),,,154,,,,,,,,,1,1,1,1,1,1,,,,,,,,,,,1,1,1,1,1,1,,,,,,,,,,,1,1,1,1,1,1,,,,,,,,,,,1,1,1,1,1,1,,,,,,,,,,,1,1,1,1,1,1,,,,,,,,,,,,,,,,,,,,,,,,,6,6,6,6,6,0,1
ASSE,MONTERREY /Centro de Barrio (FUERA DE MDEO),,,155,,,,,,,,,,,,,,,,,,,,,,,,,1,1,1,1,1,,,,,,,,,,,,1,1,1,1,1,,,,,,,,,,,,1,1,1,1,1,,,,,,,,,,,,1,1,1,1,1,,,,,,,,,,,,,,,,,,,,,,,,,,0,5,5,5,5,0,1
ASSE,P. B. ANEXO,1,56,156,CENTRO DE SALUD,PUBLICO,JOSE BELLONI 4602,22275295,578675.5904,6146642.82,,,,,,,,1,1,1,1,,,,,,,,1,1,1,1,1,,,,,,,,,,,,,,,,,,,,,,,,,,,,,,,,,,,,,,,,,,,,,,,,1,1,1,1,1,,,,,,,,,,,,,,,,,,,,,,4,5,0,0,5,0,1
ASSE,P. BLANCAS,1,57,157,CENTRO DE SALUD,PUBLICO,"TULA, CAPITAN 4145",22272289,578536,6146405.999,,2,4,4,4,5,2,2,2,2,1,,,,,,,1,3,3,3,5,4,4,4,3,,,,,,,,,4,5,5,5,3,5,5,5,3,,,,,,,,4,4,4,5,2,4,4,3,1,1,,,,,,1,3,4,4,5,2,2,2,2,1,,,,,,,,,,,,,,,,,,,,,,28,30,40,32,26,0,10
ASSE,P. BLANCAS / ARTIGAS,1,58,158,POLICLINICA,PUBLICO,CNO. C. PETEROSSI 5185,22224802,576524.4999,6148122.429,,,1,2,2,2,2,1,,,,,,,,,,,,,,,,1,1,1,1,1,,,,,,,,,,,,,,,,,,,,,,,,1,1,1,1,2,1,1,1,1,1,,,,,,,,,,1,2,2,2,1,1,,,,,,,,,,,,,,,,,,,,,10,5,0,11,9,0,2
ASSE,P. BLANCAS / ASENT. 23 DIC.,1,59,159,POLICLINICA,PUBLICO,CNO. LINNEO,,577066.6604,6150335.87,,,,,,,,,,,1,1,1,1,,,,,,,,,,,,,,,,,,,,,,,,,,,,,,,,,,,,,,1,1,1,1,,,,,,,,,,,,,,,,,,,,,,,,,,,,,,,,,,,,1,1,1,,,,4,0,0,4,0,3,1
ASSE,P. BLANCAS / CAPRA,1,60,160,POLICLINICA,PUBLICO,CONT. ARGOS,22223778,580370.4099,6148519.96,1,1,2,2,1,1,1,1,1,,,,,,,,1,1,2,2,1,1,1,1,,,,,,,,,,1,2,2,1,,,,,,,,,,,,,1,1,1,1,,,,,,,,,,,,,1,1,1,1,,,,,,,,,,,,,,,,,,,,,,,,,,,,11,10,6,4,4,0,3
ASSE,P. BLANCAS / CIRILO,1,61,161,POLICLINICA,PUBLICO,EDRULFO OLIVERA,22228817,579777.9396,6150098.08,,,2,2,3,3,1,1,1,,,,,,,,,,1,1,1,1,1,1,1,,,,,,,,,,2,2,2,1,,,,,,,,,,,,,,,,,1,1,1,,,,,,,,,,1,1,2,2,1,1,1,,,,,,,,,,,,,,,,,,,,,,,,13,7,7,3,9,0,3
ASSE,PIEDRAS BLANCAS/ FENIX,1,62,162,POLICLINICA,PUBLICO,FRANCISCO MARTIN 4741 ESQUINA TOMAS RIVERO,,577859.3966,6149042.194,,,,,,,,,,,,,,,,,,,,,1,1,1,1,,,,,,,,,,,,,,,,,,,,,,,,,,,,,,,,,,,,,,,,,,,,,,,,,,,,,1,1,,,,,,,,,,1,1,1,,,,,,,0,4,0,0,2,3,1
ASSE,P. BLANCAS / STA. MARIA,1,63,163,POLICLINICA,PUBLICO,GALEANO 3761,25114343,579341.5996,6145883.29,,,1,1,1,1,,,,,,,,,,,,,1,1,1,1,,,,,,,,,,,,,1,1,1,1,,,,,,,,,,,,,,,,,,,,,,,,,,,,,1,1,1,1,,,,,,,,,,,,,,,,,,,,,,,,,,,4,4,4,0,4,0,1
ASSE,P. BLANCAS / TOLEDO  CHICO,1,64,164,POLICLINICA,PUBLICO,CNO. TOLEDO CHICO 5952,22221161,581443.9997,6153540.469,,,,1,1,1,1,2,2,1,1,,,,,,,,,,,,,,,,,,,,,,,,,1,1,1,1,1,1,,,,,,,,,,,1,1,1,1,1,1,,,,,,,,,,,,,,,,,,,,,,,,,,,,,,,,,,,,,,,,10,0,6,6,0,0,2
ASSE,SAYAGO,1,65,165,CENTRO DE SALUD,PUBLICO,ARIEL 5018,23552796,571377.3801,6145317.28,,,3,4,4,4,3,2,1,,,,,,,,,,3,3,3,3,1,2,2,2,1,,,,,,,,2,2,2,2,1,2,2,2,2,,,,,,,,3,3,3,3,2,3,3,3,1,,,,,,,,2,2,1,1,1,2,1,1,1,,,,,,,,,,,,,,,,,,,,,,21,20,17,24,12,0,6
ASSE,SAYAGO / H. SARTHOU,1,66,166,POLICLINICA,PUBLICO,PICAFLOR 6307,,570314.0504,6146382.28,,,2,2,2,2,1,1,,,,,,,,,,,1,1,1,1,1,1,1,1,,,,,,,,,1,1,1,1,2,2,2,2,1,1,,,,,,,,,,,,,,,,,,,,,,,1,1,1,1,1,2,1,1,1,1,1,,,,,,,,,,,,,,,,,,,,10,8,14,0,12,0,3
ASSE,SAYAGO/ 25 AGOSTO,1,67,167,POLICLINICA,PUBLICO,PORORO,,570156.1698,6150231.119,,,,,1,1,1,1,1,1,,,,,,,,,,1,1,1,,,,,,,,,,,,,,,,,,1,2,2,,,,,,,,,,,,,1,1,1,1,,,,,,,,,,,,,1,2,2,1,,,,,,,,,,,,,,,,,,,,,,,6,3,5,4,6,0,2
ASSE,SAYAGO/ C.AMERICA,1,68,168,POLICLINICA,PUBLICO,CNO. DURAN,23202734,570596.1603,6149040.201,,,1,1,1,1,,,,,,,,,,,,,,,,,1,1,1,1,,,,,,,,,1,1,1,1,,,,,,,,,,,,,,,,,,,,,,,,,,,,,,,,,2,2,2,2,,,,,,,,,,,,,,,,,,,,,,,4,4,4,0,8,0,2
ASSE,SAYAGO/ COVIN 9,1,69,169,POLICLINICA,PUBLICO,J. B. Y ORDONEZ,23598683,573789.3897,6143999.94,,1,1,1,1,1,,,,,,,,,,,,,,,,,,,,,,,,,,,,,,,,,,1,1,1,1,1,,,,,,,,,,,,1,1,1,1,1,,,,,,1,2,2,2,2,,,,,,,,,,,,,,,,,,,,,,,,,,,5,0,5,5,9,0,2
ASSE,SAYAGO/ CUANTHEMOC,1,70,170,POLICLINICA,PUBLICO,BESNES IRIGOYEN,,571812.8198,6147982.86,,,,,,,,1,1,1,1,1,1,1,1,,,,,,,,,1,1,1,1,1,1,1,1,,,,,,,,,1,1,1,1,1,1,1,1,,,,,,,,,,,,,,,,,,,,1,1,1,1,1,1,,,,,,,,,,,,,,,,,,,,,,,,,8,8,8,0,6,0,1
ASSE,SAYAGO/ J. PENAROL,1,71,171,POLICLINICA,PUBLICO,ISIDORO FYNN,,571954.2697,6147280.131,,,,,,,,1,2,2,1,1,,,,,,,1,1,1,1,1,1,1,,,,,,,,,,1,1,1,1,1,1,1,1,,,,,,,,,1,1,1,1,1,1,1,1,1,,,,,,,,1,1,1,1,,,,,,,,,,,,,,,,,,,,,,,,,,,7,7,8,9,4,0,2
ASSE,SAYAGO/ MOREL,1,72,172,POLICLINICA,PUBLICO,CNO. SANTOS 4215,23573466,573825.0496,6144408.59,,,,1,1,1,1,1,1,1,,,,,,,,,1,2,2,2,1,1,1,,,,,,,,,,,1,1,1,1,1,1,1,,,,,,,,,1,1,1,1,1,1,1,,,,,,,,,,1,2,2,2,1,1,1,,,,,,,,,,,,,,,,,,,,,,,,7,10,7,7,10,0,2
ASSE,SAYAGO/ SAN JOSE,1,73,173,POLICLINICA,PUBLICO,GUANAHANY 1870,23228517,568707.4797,6149208.29,,,,1,1,1,1,1,,,,,,,,,,,,,,,,,1,1,1,,,,,,,,1,1,1,1,1,1,1,1,,,,,,,,,,1,1,1,1,1,1,1,,,,,,,,,1,2,2,1,1,1,1,1,,,,,,,,,,,,,,,,,,,,,,,5,3,8,7,10,0,2
ASSE,SAYAGO/ UDAI II,1,74,174,POLICLINICA,PUBLICO,LAURA CORTINAS 5307,23552511,570675.8304,6145896.99,,,,,,,1,1,1,1,,,,,,,,,,,,,,,,,,,,,,,,,,,,,,,,,,,,,,,,,1,1,1,1,,,,,,,,,,,,,,,,,1,1,1,1,,,,,,,,,,,,,,,,,,,,,,,4,0,0,4,4,0,1
ASSE,SAYAGO/ V. TERESA,1,75,175,POLICLINICA,PUBLICO,JOSE DURAN 1210,23097724,570417.0602,6144898.13,,,,1,1,1,1,1,1,1,1,,,,,,,,,,1,1,1,2,1,1,1,,,,,,,,2,2,2,2,,1,1,1,1,,,,,,,,,1,1,1,1,1,1,1,1,,,,,,,,,1,1,1,1,1,1,1,1,,,,,,,,,,,,,,,,,,,,,,8,8,12,8,8,0,3
ASSE,LA TABLADA,1,76,176,POLICLINICA,PUBLICO,APOLO XI 6346,,568477.2956,6148516.93,,,,,,,,,,,,,,,,,,,,,,,,,,,,,,,,,,,,,,,2,2,2,1,,,,,,,,,,,,,,,,,,,,,,,,,,,,,,,,,,,,,,,,,,,,,,,,,,,,,,,0,0,7,0,0,0,2
ASSE,SAYAGO/N. ESPERANZA,1,77,177,POLICLINICA,PUBLICO,ALBENIZ,,570045.3896,6147656.37,,,1,2,2,2,1,,,,,,,,,,,,1,2,2,2,1,1,1,1,1,,,,,,,,1,3,3,3,2,2,2,,,,,,,,,,,,,1,2,3,3,1,1,,,,,,,,1,1,2,2,1,1,1,1,1,,,,,,,,,,,,,,,,,,,,,,8,12,16,11,11,0,3
ASSE,UNION,1,78,178,CENTRO DE SALUD,PUBLICO,VICENZA 2815,25112408,579380.9096,6142434.62,,,1,2,2,2,3,3,3,1,,,,,,,,,1,1,1,1,1,1,1,1,1,,,,,,,,,2,2,2,2,1,1,1,,,,,,,,,,1,2,2,1,2,2,2,1,,,,,,,,1,2,2,2,1,1,,,,,,,,,,,,,,,,,,,,,,,,,17,9,11,13,9,0,5
ASSE,UNION / ARGERICH,1,79,179,POLICLINICA,PUBLICO,ARGERICH 4478,,579434.2202,6141552.71,,,2,2,2,2,,,,,,,,,,,,,2,2,2,2,,,,,,,,,,,,,2,2,2,2,,,,,,,,,,,,,2,2,2,1,,,,,,,,,,,,,2,2,2,2,,,,,,,,,,,,,,,,,,,,,,,,,,,8,8,8,7,8,0,2
ASSE,LA CASONA,1,80,180,POLICLINICA,PUBLICO,SENDA L Y SENDA U ESQ PANTALEON PEREZ,25255584,580773.3953,6142003.354,,,1,1,2,3,2,2,1,1,,,,,,,,,1,1,2,2,1,1,,,,,,,,,,,,,1,2,1,1,1,1,,,,,,,,,1,1,2,1,,1,1,1,,,,,,,,,1,1,3,2,1,,,,,,,,,,,,,,,,,,,,,,,,,,13,8,7,8,8,0,3
ASSE,UNION / LEON DUARTE,1,81,181,POLICLINICA,PUBLICO,SUNER Y CAPDEVILLA 3995,25062129,578187.0298,6141951.65,,,1,1,1,1,,,,,,,,,,,,,1,1,1,1,1,1,1,1,,,,,,,,,1,1,1,1,,,,,,,,,,,,,2,2,2,2,2,,,,,,,,,,,,1,1,1,1,1,1,1,1,1,,,,,,,,,,,,,,,,,,,,,,4,8,4,10,9,0,2
ASOCIACION ESPA?OLA,CLINICA DEL PRADO,2,1,201,,MUTUALISTA,19 DE ABRIL 3322,1920 4500,572715.629,6141265.75,,,1,1,,,,,,,,1,1,,,,,,1,2,1,,,,,,,,,,,,,,,,1,1,,2,2,,,,,,,,,,1,1,,,,,,,1,1,1,1,,,,,,,1,1,1,1,,,,,,,,,,,,,,,,,,,,,,,,,4,4,6,6,4,0,4
ASOCIACION ESPA?OLA,CLINICA LAS TORRES,2,2,202,,MUTUALISTA,LUIS ALBERTO DE HERRERA 1223 ESQUINA 26 DE MARZO,19204600,578827.4483,6137122.788,,,1,1,1,,2,2,,1,1,1,1,1,1,,,,1,1,1,,,1,1,1,2,1,,,,,,,1,1,1,,1,2,1,,,1,1,1,1,,,,,1,1,,,,,3,3,2,2,2,,,,,1,2,1,2,2,2,1,1,1,2,1,1,,,,,,,,,,,,,,,,,,,13,9,11,14,17,0,17
ASOCIACION ESPA?OLA,CLINICA NUEVO CENTRO,2,3,203,,MUTUALISTA,LUIS ALBERTO DE HERRERA ESQUINA BULEVAR ARTIGAS,19204700,576101.9025,6141075.761,,,,,,1,1,,,1,1,1,,,,,,,,,1,1,1,,,,1,1,,,,,,,,,1,1,1,1,1,,1,1,1,,,,,,,,,1,1,1,1,1,1,,,,,,,,,,,1,1,,,,,,,,,,,,,,2,2,,,,,,,,,,,5,5,8,6,2,4,6
ASOCIACION ESPA?OLA,CLINICA PUNTA GORDA,2,3,204,,MUTUALISTA,GENERAL PAZ 1429 ESQUINA CARAMURU,19204400,584062.1694,6138414.374,,,,,1,1,,,,,,,,,,,,,,,,,,,,,1,1,,,,,,,1,1,,,,,,,,,,,,,,,,,,,,,,,,,,,,,,,,,,,,,,,,,,,,,,,,1,1,1,,,,,,,,,,,2,2,2,0,0,3,3
ASSOCIACION ESPA?OLA,POLICLINICA BELVEDERE,2,5,205,,MUTUALISTA,Pedro Visca 4223,309 3218,571134,6142612,,,,,,,1,1,1,1,,,,,,,,,,,,,,,,,,,,,,,,,,,,,,1,1,,,,,,,,,,1,1,,,,,,1,1,,,,,,,,,,,,,,,,,,,,,,,,,,,,,,,,,,,,,,4,0,2,4,0,0,1
ASSOCIACION ESPA?OLA,POLICLINICA CERRO,2,6,206,,MUTUALISTA,Grecia 3865,311 1489,568548,6139800,,,,,,,,1,1,1,,,,,,,,,,,1,1,,,,,,,,,,,,,,,,,,,1,1,,,,,,,,,,,1,1,,,,,,,,,,,,,,,,,,1,1,,,,,,,,,,1,1,,,,,,,,,,,,,3,2,2,2,2,2,2
ASOCIACION ESPA?OLA,POLICLINICA MARONAS,2,7,207,,MUTUALISTA,AVDA GENERAL FLORES 4944 ENTRE IBERIA Y CHAPICUY,25114165,577626.0531,6144261.255,,,,,,,,,,1,1,,,,,,,,,,,,,1,1,,,,,,,,,,,,,,,,,,,,,,,,,,,,,,,,,,,,,,,,,,,,1,1,,,,,,,,,,,,,,,,,,,,,,,,,,,2,2,0,0,2,0,1
ASSOCIACION ESPA?OLA,POLICLINICA PASO DE LA ARENA,2,8,208,,MUTUALISTA,L. Batlle Berres 6665,312 3774,566342,6144925,,,,,,,,,,,,,,,,,,,,,,,1,1,1,,,,,,,,,,,,1,1,,,,,,,,,,,,,,,,,1,1,1,,,,,,,,,,1,1,,,,,,,,,,,,,,,,,,,,,,,,,,,,,0,3,2,3,2,0,3
ASSOCIACION ESPA?OLA,POLICLINICA UNION,2,9,209,,MUTUALISTA,Enrique Clay 2646,508 8943,579001,6141112,,,,1,1,,,,,,,,,,,,,,,,,,,,,,,,,,,,,,,,,,,1,1,,,,,,,,,,,,1,1,,,,,,,,,,,,,,,,,1,1,,,,,,,,,,,,,,,,,,,,,,,,,2,0,2,2,2,0,4
ASSOCIACION ESPA?OLA,SEDE CENTRAL,2,10,210,,MUTUALISTA,Br . Artigas 1465,400 41 01/07,576325,6137654,,,1,3,2,2,2,1,1,2,3,4,3,3,1,,,,3,4,4,3,3,3,2,3,3,3,2,2,1,,,,3,3,2,,2,2,4,4,3,2,3,3,,,,,2,3,2,3,3,3,3,3,2,3,4,3,1,,,1,3,3,2,1,2,2,2,2,2,1,3,3,1,,,,2,2,1,,,,,,,,,,,,28,36,31,35,28,5,31
CASA DE GALICIA,POLICLINICA CENTRAL,3,1,301,,MUTUALISTA,Colonia 1474,401 60 15,574490,6137262,,,,,,,,,,,,,,,,,,,,,,,,,,,,1,1,1,,,,,,,,,,,,,,,,,,,,,,,1,1,1,,,,,,,,,,,,,,,,,,,,,1,1,1,,,,,,,1,1,1,,,,,,,,,,0,3,0,3,3,3,2
CASA DE GALICIA,POLICLINICA JOSE MA. BARREIRO,3,2,302,,MUTUALISTA,Grecia 4277,311 94 03,568419,6140609,,,,,,1,1,1,,,,,,,,,,,,,,1,1,1,,,,,,,,,,,,,,,,,,,,,,,,,,,,,,,,1,1,1,,,,,,,,,,,,,,,,,,,,,,,,,,,,,,,,,,,,,,,3,3,0,3,0,0,3
CASA DE GALICIA,POLICLINICA LA CORUNA,3,3,303,,MUTUALISTA,8 de Octubre 4482,506 60 48,579177,6141778,,,,,1,1,1,,,,,,,,,,,,,,,,1,1,1,,,,,,,,,,,,,,,,,,,,,,,,,,,,1,1,1,,1,1,1,,,,,,,,,,,,,,,,,,,,,,,,,,,,,,,,,,,,,,3,3,0,6,0,0,2
CASA DE GALICIA,POLICLINICA LUGO,3,4,304,,MUTUALISTA,Av. Italia 5698,600 65 09,583739,6139500,,,,,,,,1,1,1,,,,,,,,,,,,,,,,,,,,,,,,,,,,,,,,,,1,1,1,,,,,,,,,,,,,,,,,,,,,,,,,,,,1,1,1,,,,,,,,,,,,,,,,,,,,,3,0,3,0,3,0,2
CASA DE GALICIA,Policl�nica Orense (FUERA DE MDEO),,,305,,,,,,,,,,,,,,,,1,1,1,,,,,,,,,,,,1,1,1,,,,,,,,,,,,,,,,,,,,,,,,,,1,1,1,,,,,,,,,,,,,,,,,,,,,,,,,,,,,,,,,,,,,,,,,,,3,3,0,3,0,0,2
CASA DE GALICIA,Policl�nica Pontevedra (FUERA DE MDEO),,,306,,,,,,,,,,,1,,,,,,,,,,,,,,,,,,,1,,,,,,,,,,,,,,,,,,,,,,,,,,,,,1,,,,,,,,,,,,,,,,,,,,1,,,,,,,,,,,,1,,,,,,,,,,,,1,1,0,1,1,1,2
CASA DE GALICIA,POLICLINICA SANTIAGO DE COMPOSTELA,3,7,307,,MUTUALISTA,AVDA MILLAN 3402 ESQUINA CAIGUA,22046423,573783.1125,6141629.928,,,,,,,,,,,,,,,,,,,,,,,,,,1,1,1,,,,,,,,,,,,,,,,,,,,,,,,,,,,,,,,,,,,,,,,,1,1,1,,,,,,,,,,,,,,,,,,,,,,,,,,0,3,0,0,3,0,2
CASA DE GALICIA,SANATORIO,1,8,308,,MUTUALISTA,Mill??�n 4480,354 0373,572419,6144134,,,,1,1,1,,1,1,1,1,1,1,,,,,,,,1,1,2,1,1,,,,,,,,,,,,,,,,,,1,1,1,,,,,,,1,1,1,,,,,,1,1,1,,,,,,,,,,,,,,,,,,,,,,,,,,,,,,,,,,,9,6,3,6,0,0,6
CASMU,AGRACIADA,4,1,401,,MUTUALISTA,Agraciada 3691,308 51 10 / 309 83 15,572206,6141694,,,2,4,4,2,2,4,2,,2,2,4,2,,,,,2,4,4,4,2,2,,,,,,,,,,,2,4,4,4,4,,2,2,,2,2,,,,,,,,,,,,2,4,6,6,6,4,,,,,,2,2,2,2,,,,,,,,,,,,,,,,,,,,,,,,,,30,18,26,28,8,0,16
CASMU,BULEVAR,4,2,402,,MUTUALISTA,BULEVAR ARTIGAS 1305 ESQUINA GUANA,24014035,576375.9028,6137222.03,,2,4,2,2,2,2,2,,,,,2,2,,,,,,,,,2,2,2,2,2,,,,,,,,2,2,2,,,,,,,,,,,,,2,2,2,,,,2,2,2,,,2,2,2,,,,2,2,2,2,,,,,,,,,,,,,2,2,2,2,,,,,,,,,,,20,10,6,18,8,8,10
CASMU,CENTRO MED PORTONES,4,3,403,,MUTUALISTA,Bolivia 2345,604 5212,583426,6140063,,,2,2,2,2,,,,,,2,2,2,,,,,2,2,2,2,,,,,,,,,,,,,2,2,2,2,,2,2,2,,,,,,,,,,2,2,2,2,4,4,4,2,,,,,,,,,,,,,2,2,,,2,2,,,,,,,,,,,,,,,,,,,,14,8,14,22,8,0,6
CASMU,CENTRO MEDICO CERRO,4,4,404,,MUTUALISTA,Grecia 4268,318 05 99,568437,6140602,,2,2,4,2,,,,,,,,2,2,,,,2,4,4,4,4,,,,2,2,,,,,,,,,,,,,,2,4,2,2,,,,,,2,2,2,2,,,,,,,2,2,2,,,,,2,2,,,,,,,,,,,,,,,,,,,,,,,,,,,,,14,22,10,14,4,0,4
CASMU,CENTRO MEDICO COLON,4,5,405,,MUTUALISTA,AVDA GARZON 2003 ESQUINA MARGARITA,23201070,571003.8017,6148551.229,,,,2,2,2,2,2,2,2,2,,,,,,,,2,4,4,4,4,4,2,,,,,,,,,,,,,2,2,2,2,2,,,,,,,,,,2,2,2,2,2,,,,,,,,,,,,2,2,2,2,2,2,2,2,2,2,,,,,,,,,,,,,,,,,,,,16,24,10,10,20,0,4
CASMU,CENTRO MEDICO GENERAL FLORES,4,6,406,,MUTUALISTA,AVENIDA GENERAL FLORES 3935B ESQUINA RAFAEL HORTIGUERA,22118167,576380.5273,6142483.914,,,,,,,,2,2,2,,,,,,,,,,,,,2,2,2,,,,,,,,,,,,,2,2,2,4,2,2,,,,,,,,,,,,2,2,2,,,,,,,,,,,,,,2,2,2,,,,,,,,,,,2,2,2,2,,,,,,,,,,6,6,14,6,6,8,6
CASMU,CENTRO MEDICO LA BLANQUEADA DR. JULIO GARCIA OTERO,4,7,407,,MUTUALISTA,L.A de Herrera 2421,487 08 22,577602,6139423,,,,,,,2,2,,,,,,,,,,,,2,2,2,,,,,,,,,,,,,2,2,,,,,,,2,4,4,,,,,,,,,,,,,,,,,,,,,,2,2,2,2,2,2,2,2,2,,,,,,,,,,,,,,,,,,,,,,4,6,14,0,18,0,6
CASMU,CENTRO MEDICO MALVIN NORTE,4,8,408,,MUTUALISTA,Con Carrasco 4641,525 50 25,580626,6140843,,,2,2,2,2,2,2,,,,,,,,,,,2,2,2,2,,,,,,,,,,,,,2,2,2,2,,,,,,,,,,,,,2,2,2,2,2,2,,,,,,,,,,,,,,,2,2,2,2,,,,,,,,,,,,,,,,,,,,,,,12,8,8,12,8,0,4
CASMU,CENTRO MEDICO MALVIN SUR,4,9,409,,MUTUALISTA,Verdi 4820,613 45 61,581786,6138512,,,,,,,,2,2,2,,,,,,,,,,,,,2,2,2,2,,,,,,,,,2,4,4,2,2,,,,,,2,2,,,,,,2,2,2,,,,,,,,,,,,,,,,,,,,,,,,,,,,,,,,,,,,,,,,,,,6,8,18,6,0,0,4
CASMU,CENTRO MEDICO PASO DE LA ARENA,4,10,410,,MUTUALISTA,Luis Batlle Berres 6556,312 40 44,566741,6144820,,,,,,,,,,,,2,2,,,,,,2,2,2,,,,,,,,,,,,,,,2,2,2,2,,,,,,,,,,,,,,2,2,,,2,2,2,,,,,,,,,,,,,,,,,2,2,,,,,,,,,,,,,,,,,,,,4,6,8,10,4,0,6
CASMU,CENTRO MEDICO PEDIATRICO,4,11,411,,MUTUALISTA,Colonia 1942,400 1184,575416,6137709,,,,,,,2,2,2,2,,,2,4,,,,,,,,,2,2,4,4,4,,,,,,,,,,,,,,,2,2,2,4,4,,,,,2,2,2,2,,,,,,,2,2,,,,,,,,,,,2,2,2,2,,,,,,,,,,,,,,,,,,,,,14,16,14,12,8,0,8
CASMU,CENTRO MEDICO PIEDRAS BLANCAS,4,12,412,,MUTUALISTA,JOSE BELLONI 4611 ESQUINA SAN CONO,22274498,578718.9713,6146826.299,,,2,2,4,4,4,2,4,4,2,2,,,,,,,2,2,2,,2,2,2,2,2,2,2,2,,,,,,,,,,,,,,,,,,,,,,,,,,2,2,2,2,2,2,,,,,,,,,,,,,,,,,,,,,,,,,,,,,,,,,,,,30,22,0,12,0,0,6
CASMU,PARQUE BATLLE,4,13,413,,MUTUALISTA,CATALU?A 3140 ESQUINA MANUEL ALONSO,26221429,577713.1475,6138139.218,,,2,2,2,2,2,,,,2,2,2,2,,,,,4,4,4,2,2,4,4,2,,,2,4,2,,,,2,2,2,,,,,,2,2,2,,,,,,,2,2,2,,,2,2,2,2,4,4,,,,,,,,,,2,4,4,2,,2,2,,,,,,,,,,,,,,,,,,,18,34,12,22,16,0,12
CIRCULO CATOLICO,8 DE OCTUBRE,5,1,501,,MUTUALISTA,Av. 8 de Octubre 2710,487 95 56,576766,6138915,,,,,,,,,,1,1,1,,,,,,,,,,,,,1,1,1,,,,,,,,,,,,,,,,,,,,,,,,,,,1,1,1,,,,,,,,,,,,,,,1,1,1,,,,,,,,,,,,,,,,,,,,,,,,3,3,0,3,3,0,2
CIRCULO CATOLICO,BELVEDERE,5,2,502,,MUTUALISTA,Carlos Ma. Ram??�rez 120,307 85 94,570950,6142653,,,1,1,1,,,,,,,,,,,,,,,,,,,,,1,1,1,,,,,,,,,,,,,,,,,,,,,,,,,,,,,,1,1,1,,,,,,,,,,,,,,1,1,1,,,,,,,,,,,,,,,,,,,,,3,3,0,3,3,0,2
CIRCULO CATOLICO,COLON,5,3,503,,MUTUALISTA,Av. Lezica 5704,320 03 44,570935,6148396,,,,,,,,,,,,,,,,,,,,,,,,1,1,1,,,,,,,,,1,1,2,1,1,,,,,,,,,,,,,,,,,,,,,,,,,,,,,,,,,,,,,,,,,,,,,,,,,,,,,,,,,,0,3,6,0,0,0,2
CIRCULO CATOLICO,PASO DE LA ARENA,5,4,504,,MUTUALISTA,Luis Batlle Berres 6574,318 01 47,566655,6144851,,,,,,,,,,,,,,,,,,,,,,,,,1,1,1,,,,,,,,,,,,1,1,1,,,,,,,,,,,,,,,1,1,1,,,,,,,,,,,,,,,,,,,,,,,,,,,,,,,,,,,,,,,0,3,3,3,0,0,2
CIRCULO CATOLICO,SEDE CENTRAL,5,5,505,,MUTUALISTA,Minas 1250,4109261,574952,6136942,,,1,1,1,1,1,1,,1,1,2,1,1,,,,,1,1,1,1,1,1,1,1,2,2,2,1,,,,,1,1,1,,,,,,,1,1,1,,,,,,,1,1,1,,1,1,1,,1,1,1,,,,1,1,1,1,1,1,,,,,,,,,,,1,1,1,1,1,1,,,,,,,,,12,15,6,9,6,6,7
COSEM,CATALUNA,6,1,601,,MUTUALISTA,CATALU?A 3137 ESQUINA RICALDONI,24876444,577690.0251,6138139.603,,,1,1,1,1,,1,1,,,,,,,,,,,2,2,2,,1,1,1,1,1,2,2,,,,,1,1,,,,1,1,1,,,,,,,,,1,1,1,,,2,2,,,1,1,1,,,,,,1,1,2,2,1,1,,1,1,1,,,,,,,,,,,,,,,,,,,,6,15,5,10,11,0,14
COSEM,POLICLINICO MALVIN,6,2,602,,MUTUALISTA,Av. Italia 4206,403 00 00,580425,6139097,,,1,2,1,,2,1,1,,,1,1,1,,,,,,2,2,1,,1,1,,,2,2,2,,,,,1,1,1,,,,,,2,2,1,1,,,,,1,3,3,1,1,1,1,1,2,2,2,1,,,,,1,2,2,1,2,1,1,,,,,,,,,,1,2,2,1,,,,,,,,,,,11,13,9,19,10,6,18
COSEM,POLICLINICO PARQUE BATLLE,6,3,603,,MUTUALISTA,AVDA ITALIA 2603 ESQUINA ALBO,24810007,576809.4475,6138593.188,,,,,,,,,,,,,,,,,,,1,2,1,,,,,,2,2,1,,,,,,,,,,1,,,,,1,1,1,,,,,,,,,1,1,2,1,1,2,1,,,,,,1,2,1,1,,,1,1,,,,,,,,,,1,1,1,,,,,,,,,,,0,9,4,9,7,3,14
COSEM,POLICLINICO RODO,6,4,604,,MUTUALISTA,21 de Setiembre 2387,413 7485,576403,6136349,,,1,2,2,1,,,1,1,,1,1,1,,,,,1,2,2,,,,2,2,1,,2,2,,,,,1,1,,,,,,,,,1,1,,,,,1,1,,,,1,1,2,1,1,1,,,,,,1,1,1,,1,1,1,1,1,1,1,,,,,,,,,,,,,,,,,,,,11,14,4,9,10,0,18
COSEM,VILAMAJO,6,5,605,,MUTUALISTA,GASTON RAMON 2322 ESQUINA 20 DE SETIEMBRE,24030000 INT 7,576470.3192,6137746.908,,,,2,2,2,1,,,1,1,1,1,,,,,,1,1,2,1,1,,,,1,1,1,,,,,,,,1,1,,1,1,,1,1,1,,,,,,1,2,1,2,1,1,1,,1,1,1,,,,,,,1,,,1,1,1,,,,,,,,,,1,2,2,1,,,,,,,,,,,11,9,7,12,4,6,16
CUDAM,CERRO,7,1,701,,MUTUALISTA,Viacaba 1680,311 83 73,568699,6139189,,,,,,1,1,1,,,,,,,,,,,,,1,1,1,,,,,,,,,,,,,,,,,,,,,,,,,,,,,,1,1,1,,,,,,,,,,,,,,,,,,,,,,,,,,,,,,,,,,,,,,,,,,3,3,0,3,0,0,1
CUDAM,COLON,7,2,702,,MUTUALISTA,Lezica 5679,320 11 27,570994,6148354,,,1,1,1,,,,,,,1,1,1,,,,,1,1,1,1,1,1,,,,,,,,,,,,1,1,1,1,1,1,,,,,,,,,,,,,1,1,2,1,2,1,1,,,,,,,1,1,1,,,,,,,1,1,1,,,,,,1,,,,,,,,,,,,,6,6,6,9,6,1,8
CUDAM,HOSPITAL ITALIANO,7,3,703,,MUTUALISTA,BULEVAR ARTIGAS 1632 ESQUINA CANNING,24802944,576323.1067,6138129.198,,,1,1,1,1,1,1,1,1,1,,,,,,,,1,1,1,,1,1,1,,,,,,,,,,,,,,1,1,1,,,,,,,,,,1,1,1,1,1,1,,,,,,,,,,,,,,,,,,,,1,1,1,,,,,,,,,,,,,,,,,,,9,6,3,6,3,0,4
CUDAM,MELILLA,7,4,704,,MUTUALISTA,CAMINO DE LA REDENCION 9256 ESQUINA CAMINO DE LAS CHIRCAS,23229960,564127.9747,6152448.507,,,,,,,,,,,,,,,,,,,,,,,,,,,,,,,,,,,,,,,,,,,,,,,,,,,,,,,,1,1,1,,,,,,,,,,,,,,,,,,,,,,,,,,,,,,,,,,,,,,,0,0,0,3,0,0,1
CUDAM,PASO DE LA ARENA,7,5,705,,MUTUALISTA,L. Batlle Berres 6865,313 44 60,566075,6145087,,,,,,1,1,1,,,,,,,,,,,,,,,,1,1,1,,,,,,,,,,,,1,1,1,,,,,,,,,,,,,,,,,,,,,,,,,,,,,,,,1,1,1,,,,,,,,,,,,,,,,,,,,,,,3,3,3,0,3,0,3
CUDAM,PRADO,7,6,706,,MUTUALISTA,Agraciada 3248,309 31 05,572897,6140878,,,,,,,,1,1,1,,,,,,,,,,,,1,1,1,,,,,,,,,,,,,,,,,,,,,,,,,,,,1,1,1,,,,,,,,,,,,,,,,,,,,,,,,,,,,,,,,,,,,,,,,,,,3,3,0,3,0,0,3
GREMCA,PEDIATRIA CENTRAL,8,1,801,,MUTUALISTA,8 de Octubre 2870,480 0991,577015,6139274,,,1,2,2,1,1,1,1,1,1,2,1,1,,,,,1,2,2,1,1,1,2,2,2,1,,,,,,,1,1,1,,,1,1,1,,1,1,1,,,,,1,1,2,1,1,,,,,,,,,,,,1,2,3,2,2,2,2,1,,1,1,1,,,,,,,,,,,,,,,,,,,15,15,9,6,18,0,11
HOSPITAL BRITANICO,CLINICA CENTRAL,9,1,901,,SEGURO PRIVADO,AVDA ITALA 2420 ESQUINA MACHADO,24871020,576482.2658,6138372.754,,,,5,5,3,2,3,3,4,6,5,2,1,,,,,1,4,4,3,1,,2,4,2,3,4,1,,,,,,3,4,3,2,,1,4,3,2,2,1,,,,,,3,3,2,,1,1,,2,6,5,1,,,,,,2,4,3,1,2,2,3,4,2,2,2,,,,,1,2,2,1,,,,,,,,,,,39,29,25,24,27,6,20
HOSPITAL BRITANICO,POLICLINICA CARRASCO,9,2,902,,SEGURO PRIVADO,AVDA BOLIVIA 1978 ESQUINA MONES ROSES,24871020,583992.4168,6139127.315,,,,,,1,2,1,1,1,2,1,,,,,,,,,1,1,,,,,,2,2,,,,,,,1,,2,2,,,,1,1,1,,,,,,,2,2,2,,1,1,,,,,,,,,,2,2,1,1,3,4,4,,1,1,1,,,,,,1,1,2,2,,,,,,,,,,,9,6,8,8,20,6,17
HOSPITAL EVANGELICO,"CENTRO MEDICO CORDON - ""CARLOS COMBA""",10,1,1001,,MUTUALISTA,olonia 1870                                      4,02 90 44 / 402 81 09,575252,6137631,,,,,,,,,,,,,,,,,,,,,,,,,,,,,,,,,,,,1,1,1,,,,,,,,,,,,,,,,,,,,,,,,,,,,,,,,,,,,,,,,,,,,,,,,,,,,,,,,,,,0,0,3,0,0,0,1
HOSPITAL EVANGELICO,"CMF ""NURSE DELMA OREIRO""",10,2,1002,,MUTUALISTA,ral. Flores 4594                                 2,11 15 94,577207,6143622,,,,,,,,,,1,1,1,,,,,,,,,,,,,,,,,,,,,,,,,,1,1,1,,,,,,,,,,,,,1,1,1,,,,,,,,,,,,,,,,,,,,,,,,,,,,,,,,,,,,,,,,,,3,0,3,3,0,0,2
HOSPITAL EVANGELICO,CMF ALDO JOSE TOSI,10,3,1003,,MUTUALISTA,arlos Ma. Ram??�rez 420                          3,04 83 05,570501,6142217,,,,,,,,,,,,,,,,,,,,,,,,,1,1,1,,,,,,,,,,,,,,,,,,,,,,,,,,,,,,,,1,1,1,,,,,,,,,,,,,,,,,,,,,,1,1,1,,,,,,,,,,,,0,3,0,3,0,3,3
HOSPITAL EVANGELICO,SEDE CENTRAL,10,4,1004,,MUTUALISTA,Batlle y Ord??�??�ez 2759                       4,87 2319,577527,6140314,,,1,1,2,1,1,1,1,1,1,2,2,1,,,,,2,2,2,1,1,2,1,1,,1,1,1,,,,,,,,1,2,2,2,1,1,1,2,2,1,,,,1,1,1,,,1,1,1,,1,1,1,,,,,1,1,2,1,1,1,2,3,2,1,,,,,,,1,1,1,,,,,,,,,,,,15,15,15,9,15,3,11
MEDICA URUGUAYA,SEDE CENTRAL,11,1,1101,,MUTUALISTA,8 de Octubre 2492,480 2063,576485,6138504,,1,7,3,4,2,7,1,5,5,2,2,6,2,1,,,1,7,3,6,2,5,5,1,5,5,1,4,1,1,,,1,8,3,5,1,7,3,3,5,3,2,3,1,1,,,1,5,4,4,3,4,3,3,4,6,2,3,2,1,,,1,7,4,4,2,7,2,2,3,7,1,6,2,1,,,1,5,3,3,1,2,1,,,,,,,,,48,47,46,45,49,16,47
MEDICA URUGUAYA,SUCURSAL CERRITO,11,2,1102,,MUTUALISTA,Gral. Flores 4173,216 7685,576669,6142909,,1,1,2,1,1,1,1,1,1,2,1,1,1,1,,,1,1,1,1,1,1,2,1,1,1,1,1,1,1,,,1,1,2,1,1,1,1,2,1,1,1,1,1,1,,,1,1,2,1,1,1,1,1,1,1,1,1,1,1,,,1,1,2,1,1,1,1,1,1,2,1,1,1,1,,,1,2,1,1,1,1,1,1,1,1,1,1,1,1,,16,15,16,15,16,15,6
MEDICA URUGUAYA,SUCURSAL COLON,11,3,1103,,MUTUALISTA,AVDA GARZON 1907 ESQUINA 19 DE JUNIO,23210750,571149.8581,6148168.553,,1,1,2,1,1,1,1,1,1,1,1,2,1,1,,,1,1,1,1,2,1,1,1,1,1,2,1,1,1,,,1,1,1,1,1,1,2,1,1,1,1,2,1,1,,,1,1,1,2,1,1,1,1,1,1,1,2,1,1,,,1,1,1,1,2,1,1,2,1,1,2,1,1,1,,,1,2,1,1,1,1,1,,,,,,,,,16,16,16,16,17,8,10
MEDICA URUGUAYA,SUCURSAL MALVIN ALTO,11,4,1104,,MUTUALISTA,CAMINO CARRASCO 4680 ESQUINA HIPOLITO YRIGOYEN,25250528,580750.6583,6140857.062,,1,1,2,1,1,1,2,1,1,1,1,2,1,1,,,1,1,2,1,1,1,2,1,1,1,1,2,1,1,,,1,1,1,1,2,1,1,2,1,1,1,2,1,1,,,1,1,2,1,1,1,1,1,1,2,1,1,1,1,,,1,1,2,1,1,1,1,2,1,1,1,2,1,1,,,1,3,1,1,1,1,1,,,,,,,,,17,17,17,16,17,9,6
MEDICA URUGUAYA,SUCURSAL PASO CERRO,11,5,1105,,MUTUALISTA,Carlos Ma. Ram??�rez 1032,,569599,6141346,,1,1,1,2,1,1,1,1,1,2,1,2,1,1,,,1,1,2,1,1,1,1,2,1,1,1,2,1,1,,,1,1,2,1,1,1,1,2,1,1,1,1,1,1,,,1,1,1,1,1,1,1,2,1,1,1,1,1,1,,,1,1,2,1,1,1,2,1,1,1,1,2,1,1,,,1,2,1,1,1,1,1,,,,,,,,,17,17,16,15,17,8,7
MEDICA URUGUAYA,SUCURSAL PIEDRAS BLANCAS,11,6,1106,,MUTUALISTA,AVDA JOSE BELLONI 4918 ESQUINA REPETTO,22272395,578767.1429,6147112.438,,1,1,2,2,1,1,1,1,1,2,1,1,1,1,,,2,2,1,1,1,1,2,1,1,2,1,1,1,1,,,2,1,1,2,1,1,2,1,1,2,1,1,1,1,,,1,1,2,2,1,1,2,1,2,1,1,2,1,1,,,1,1,2,1,1,1,2,1,1,2,1,1,1,1,,,1,2,1,2,1,2,1,,,,,,,,,17,18,18,19,17,10,12
MP,SUCURSAL CARRASCO,12,1,1201,,SEGURO PRIVADO,AVDA BLANES VIALE 6358 ESQUINA PUNTAS DE SANTIAGO,27111000,585979.4006,6138722.288,,,,,,,,,,,2,3,1,1,,,,,1,3,2,,,,1,1,1,1,2,2,,,,,,,,1,2,1,1,1,1,1,,,,,,,1,1,1,,1,,,,,2,1,1,1,,,,,,,,,,,1,1,2,1,,,,,,,1,1,,,,,,,,,,,,7,14,8,9,5,2,16
MP,GOLF,12,2,1202,,SEGURO PRIVADO,BULEVAR ARTIGAS 499 ESQUINA NARDONE,27111000,576509.6273,6135554.328,,,1,3,2,1,,1,1,1,1,1,1,2,1,,,,,1,1,,,,,1,2,3,5,3,,,,,1,3,2,,2,3,1,1,2,2,4,2,,,,,,2,3,2,2,,,,1,3,2,2,1,,,,1,1,1,1,1,2,2,2,3,4,3,2,,,,,,,1,1,1,,,,,,,,,,16,16,23,18,23,3,28
SMI,CENTRO,13,1,1301,,MUTUALISTA,Mercedes 1290,9006670-9022592,574125,6137316,,,4,4,5,3,3,3,6,6,4,1,1,1,,,,,3,3,3,2,2,3,2,2,2,2,2,,,,,,5,5,5,1,2,4,4,3,1,1,2,2,1,,,,4,4,4,3,3,3,2,2,3,1,1,1,1,1,,,4,4,5,1,1,,1,1,1,1,1,1,,,,,1,3,3,2,,,,,,,,,,,41,26,36,33,21,9,21
SMI,CENTRO DE SALUD LA TEJA,13,2,1302,,MUTUALISTA,CARLOS MARIA RAMIREZ 732 ESQUINA HILARIO ASCASUBI,23091955,570061.9498,6141768.277,,,1,1,2,1,1,1,1,2,1,1,,,,,,,,,1,1,1,1,2,3,2,2,1,1,,,,,1,1,1,1,1,1,,,,1,1,1,,,,,,,,,1,1,1,1,1,2,1,1,,,,,1,1,1,,,1,1,1,1,1,1,,,,,,,,,,,,,,,,,,,,12,15,9,9,9,0,11
SMI,CENTRO DE SALUD MALVIN ALTO,13,3,1303,,MUTUALISTA,Veracierto 2489,522 29 82,580714,6140776,,,1,1,1,1,1,,,1,1,1,,,,,,,1,1,1,,,,1,1,2,2,2,1,,,,,,,1,1,1,,,,1,1,1,,,,,,1,1,1,,,,,,1,1,1,,,,,,,,,1,1,2,1,2,1,1,,,,,,,,,,,,,,,,,,,,,8,12,6,6,9,0,6
SMI,CLINICA DEL NI?O Y ADOLESCENTE,13,4,1304,,MUTUALISTA,LUIS ALBERTO DE HERRERA 2431 ESQUINA DR PABLO PURRIEL,,577584.6255,6139470.875,,,3,4,4,2,1,2,2,2,1,,,,,,,,2,3,3,1,1,1,4,3,4,1,1,,,,,,2,4,4,4,2,2,2,2,3,1,1,,,,,,1,2,2,3,2,3,3,3,3,2,2,1,,,,,3,4,4,2,2,2,3,2,3,1,1,,,,,,2,2,2,,,,,,,,,,,,21,24,27,27,27,6,20
SMI,UCM BELVEDERE,13,5,1305,,MUTUALISTA,CARLOS MARIA RAMIREZ 90 ESQUINA BELVEDERE,24873333,571007.4627,6142692.979,,,,,,,,,,,,,,,,,,,,,,,,,,,1,1,1,,,,,,,,,,,,,,,,,,,,,,,,,,,,,,,,,,,,,,,,,,,,,,,,,,,,,,,,,,,,,,,,,,,,0,3,0,0,0,0,1
SMI,UCM CARRASCO,13,6,1306,,MUTUALISTA,AROCENA 1545 ESQUINA SAEZ,24873333,586206.578,6138697.624,,,,,,,,,,,,,,,,,,,,,,,,,,,,,,,,,,,,,,,,,,,,,,,,,,,,,,,,,,,,,,,,,,,,1,1,1,,,,,,,,,,,,,,,,,,,,,,,,,,,0,0,0,0,3,0,1
UNIVERSAL,SUCURSAL POLICLINICA CENTRAL,14,1,1401,,MUTUALISTA,AVDA MILLAN 3588 ESQUINA CANE,23363615,573678.291,6142014.337,,,2,3,4,2,3,2,4,3,4,3,2,1,,,,,,1,1,1,3,3,3,,2,2,2,,,,,,1,3,3,4,2,2,1,1,1,,1,1,1,,,,1,2,2,1,1,1,2,1,2,2,2,1,,,,,1,1,1,1,3,4,3,2,2,2,1,,,,,,1,2,3,2,1,,1,1,1,,,,,,33,18,21,18,21,12,24
UNIVERSAL,POLICLINICA CURVA DE MARONAS,14,2,1402,,MUTUALISTA,8 de Octubre 4602,,579196,6142082,,,,1,1,1,,1,1,1,1,2,2,1,,,,,2,3,3,1,1,1,1,1,2,2,1,,,,,,1,2,2,1,,1,1,1,1,1,1,,,,,,,1,1,1,1,1,2,2,2,2,1,1,,,,,2,3,3,1,,1,1,1,1,1,1,,,,,,,2,2,2,1,1,1,,,,,,,,12,18,12,15,15,9,18
UNIVERSAL,POLICLINICA GARZON,14,3,1403,,MUTUALISTA,Garz??�n,,570973,6143389,,,1,1,1,,,,1,1,2,1,1,,,,,,,1,1,1,,,,,1,1,1,,,,,,1,1,1,,1,1,1,2,2,2,,,,,,,,1,1,1,1,1,1,1,1,1,,,,,,,,1,1,1,,,1,1,1,,,,,,,,1,1,1,,,,,,,,,,,,9,6,12,9,6,3,14